STATION,DATE,Max - EXITS                                                               ,
1 AV,09/28/2019,998909397,
,09/29/2019,998910087,
,09/30/2019,998911167,
,10/01/2019,998912234,
,10/02/2019,998913901,
,10/03/2019,998915518,
,10/04/2019,998917129,7732
103 ST,09/28/2019,44064353,
,09/29/2019,44065737,
,09/30/2019,44067922,
,10/01/2019,44070307,
,10/02/2019,44073321,
,10/03/2019,44076151,
,10/04/2019,44079043,14690
103 ST-CORONA,09/28/2019,24885850,
,09/29/2019,24887939,
,09/30/2019,24890520,
,10/01/2019,24893271,
,10/02/2019,24896216,
,10/03/2019,24899195,
,10/04/2019,24902213,16363
104 ST,09/28/2019,1907468416,
,09/29/2019,1907468256,
,09/30/2019,1907468164,
,10/01/2019,1907467915,
,10/02/2019,1907467654,
,10/03/2019,1907467353,
,10/04/2019,1907467003,-1413
110 ST,09/28/2019,12831122,
,09/29/2019,12832666,
,09/30/2019,12834922,
,10/01/2019,12837360,
,10/02/2019,12840115,
,10/03/2019,12842854,
,10/04/2019,12845767,14645
111 ST,09/28/2019,16777216,
,09/29/2019,16777216,
,09/30/2019,16777216,
,10/01/2019,16777216,
,10/02/2019,16777216,
,10/03/2019,16777216,
,10/04/2019,16777216,0
116 ST,09/28/2019,219120700,
,09/29/2019,219121211,
,09/30/2019,219121887,
,10/01/2019,219122579,
,10/02/2019,219123310,
,10/03/2019,219124131,
,10/04/2019,219124945,4245
116 ST-COLUMBIA,09/28/2019,235461598,
,09/29/2019,235461755,
,09/30/2019,235462241,
,10/01/2019,235462719,
,10/02/2019,235463261,
,10/03/2019,235463771,
,10/04/2019,235464253,2655
121 ST,09/28/2019,520211679,
,09/29/2019,520211972,
,09/30/2019,520212389,
,10/01/2019,520212810,
,10/02/2019,520213231,
,10/03/2019,520213638,
,10/04/2019,520214070,2391
125 ST,09/28/2019,1409470066,
,09/29/2019,1409470831,
,09/30/2019,1409472468,
,10/01/2019,1409474149,
,10/02/2019,1409476042,
,10/03/2019,1409478051,
,10/04/2019,1409479946,9880
135 ST,09/28/2019,16828039,
,09/29/2019,16828061,
,09/30/2019,16828081,
,10/01/2019,16828110,
,10/02/2019,16828146,
,10/03/2019,16828177,
,10/04/2019,16828214,175
137 ST CITY COL,09/28/2019,10120702,
,09/29/2019,10121420,
,09/30/2019,10122284,
,10/01/2019,10123244,
,10/02/2019,10124546,
,10/03/2019,10125918,
,10/04/2019,10127121,6419
138/GRAND CONC,09/28/2019,957800083,
,09/29/2019,957800550,
,09/30/2019,957801347,
,10/01/2019,957802182,
,10/02/2019,957803140,
,10/03/2019,957804063,
,10/04/2019,957805047,4964
14 ST,09/28/2019,1510716020,
,09/29/2019,1510714989,
,09/30/2019,1510714270,
,10/01/2019,1510712770,
,10/02/2019,1510711205,
,10/03/2019,1510709622,
,10/04/2019,1510707902,-8118
14 ST-UNION SQ,09/28/2019,30868749,
,09/29/2019,30871079,
,09/30/2019,30874699,
,10/01/2019,30878519,
,10/02/2019,30882687,
,10/03/2019,30887087,
,10/04/2019,30891614,22865
145 ST,09/28/2019,1444955086,
,09/29/2019,1444956004,
,09/30/2019,1444957194,
,10/01/2019,1444958576,
,10/02/2019,1444960014,
,10/03/2019,1444961562,
,10/04/2019,1444963076,7990
149/GRAND CONC,09/28/2019,1083216,
,09/29/2019,1084678,
,09/30/2019,1086564,
,10/01/2019,1088691,
,10/02/2019,1091494,
,10/03/2019,1094206,
,10/04/2019,1096714,13498
14TH STREET,09/28/2019,185611,
,09/29/2019,186709,
,09/30/2019,188552,
,10/01/2019,190524,
,10/02/2019,192641,
,10/03/2019,194728,
,10/04/2019,196634,11023
15 ST-PROSPECT,09/28/2019,2200594,
,09/29/2019,2201021,
,09/30/2019,2201641,
,10/01/2019,2202269,
,10/02/2019,2203041,
,10/03/2019,2203838,
,10/04/2019,2204641,4047
155 ST,09/28/2019,8154404,
,09/29/2019,8154965,
,09/30/2019,8155796,
,10/01/2019,8156734,
,10/02/2019,8157653,
,10/03/2019,8158580,
,10/04/2019,8159574,5170
157 ST,09/28/2019,9466645,
,09/29/2019,9468471,
,09/30/2019,9471097,
,10/01/2019,9473909,
,10/02/2019,9476712,
,10/03/2019,9479664,
,10/04/2019,9482718,16073
161/YANKEE STAD,09/28/2019,1895765511,
,09/29/2019,1895764463,
,09/30/2019,1895763437,
,10/01/2019,1895761921,
,10/02/2019,1895760311,
,10/03/2019,1895758537,
,10/04/2019,1895756731,-8780
163 ST-AMSTERDM,09/28/2019,5979114,
,09/29/2019,5979834,
,09/30/2019,5980764,
,10/01/2019,5981775,
,10/02/2019,5982892,
,10/03/2019,5984016,
,10/04/2019,5985028,5914
167 ST,09/28/2019,1828904889,
,09/29/2019,1828905549,
,09/30/2019,1828906472,
,10/01/2019,1828907541,
,10/02/2019,1828908718,
,10/03/2019,1828909975,
,10/04/2019,1828911217,6328
168 ST,09/28/2019,5242670,
,09/29/2019,5243497,
,09/30/2019,5245349,
,10/01/2019,5247205,
,10/02/2019,5249050,
,10/03/2019,5250785,
,10/04/2019,5252586,9916
169 ST,09/28/2019,5626382,
,09/29/2019,5626999,
,09/30/2019,5628318,
,10/01/2019,5629699,
,10/02/2019,5631316,
,10/03/2019,5632893,
,10/04/2019,5634474,8092
170 ST,09/28/2019,1150156911,
,09/29/2019,1150156911,
,09/30/2019,1150156911,
,10/01/2019,1150156911,
,10/02/2019,1150156911,
,10/03/2019,1150156911,
,10/04/2019,1150156911,0
174 ST,09/28/2019,301192383,
,09/29/2019,301191942,
,09/30/2019,301191576,
,10/01/2019,301190873,
,10/02/2019,301190159,
,10/03/2019,301189200,
,10/04/2019,301188312,-4071
174-175 STS,09/28/2019,2213457,
,09/29/2019,2213827,
,09/30/2019,2214397,
,10/01/2019,2214964,
,10/02/2019,2215588,
,10/03/2019,2216242,
,10/04/2019,2216904,3447
175 ST,09/28/2019,285550713,
,09/29/2019,285550895,
,09/30/2019,285551177,
,10/01/2019,285551493,
,10/02/2019,285551799,
,10/03/2019,285552109,
,10/04/2019,285552433,1720
176 ST,09/28/2019,5225227,
,09/29/2019,5225948,
,09/30/2019,5227010,
,10/01/2019,5228234,
,10/02/2019,5229451,
,10/03/2019,5230697,
,10/04/2019,5231997,6770
18 AV,09/28/2019,1358466245,
,09/29/2019,1358464777,
,09/30/2019,1358463502,
,10/01/2019,1358462715,
,10/02/2019,1358461930,
,10/03/2019,1358460970,
,10/04/2019,1358460141,-6104
18 ST,09/28/2019,4517994,
,09/29/2019,4518239,
,09/30/2019,4518819,
,10/01/2019,4519379,
,10/02/2019,4520012,
,10/03/2019,4520692,
,10/04/2019,4521344,3350
181 ST,09/28/2019,20471299,
,09/29/2019,20473111,
,09/30/2019,20475603,
,10/01/2019,20478276,
,10/02/2019,20481354,
,10/03/2019,20484501,
,10/04/2019,20487760,16461
182-183 STS,09/28/2019,1845721274,
,09/29/2019,1845721806,
,09/30/2019,1845722316,
,10/01/2019,1845722840,
,10/02/2019,1845723398,
,10/03/2019,1845723968,
,10/04/2019,1845724521,3247
183 ST,09/28/2019,1865389100,
,09/29/2019,1865389963,
,09/30/2019,1865391264,
,10/01/2019,1865392700,
,10/02/2019,1865394222,
,10/03/2019,1865395838,
,10/04/2019,1865397423,8323
190 ST,09/28/2019,1844959274,
,09/29/2019,1844958155,
,09/30/2019,1844956199,
,10/01/2019,1844954935,
,10/02/2019,1844953557,
,10/03/2019,1844952148,
,10/04/2019,1844950759,-8515
191 ST,09/28/2019,5559183,
,09/29/2019,5561214,
,09/30/2019,5563723,
,10/01/2019,5566586,
,10/02/2019,5570058,
,10/03/2019,5573589,
,10/04/2019,5576998,17815
2 AV,09/28/2019,26302322,
,09/29/2019,26304930,
,09/30/2019,26307910,
,10/01/2019,26311164,
,10/02/2019,26314965,
,10/03/2019,26318679,
,10/04/2019,26322900,20578
20 AV,09/28/2019,6742775,
,09/29/2019,6743627,
,09/30/2019,6744420,
,10/01/2019,6745189,
,10/02/2019,6746210,
,10/03/2019,6747181,
,10/04/2019,6748167,5392
207 ST,09/28/2019,2249836,
,09/29/2019,2250138,
,09/30/2019,2250515,
,10/01/2019,2250950,
,10/02/2019,2251448,
,10/03/2019,2251907,
,10/04/2019,2252382,2546
21 ST,09/28/2019,3028870,
,09/29/2019,3029208,
,09/30/2019,3029833,
,10/01/2019,3030439,
,10/02/2019,3031085,
,10/03/2019,3031798,
,10/04/2019,3032480,3610
21 ST-QNSBRIDGE,09/28/2019,10975598,
,09/29/2019,10977332,
,09/30/2019,10979247,
,10/01/2019,10981304,
,10/02/2019,10983932,
,10/03/2019,10986298,
,10/04/2019,10988615,13017
215 ST,09/28/2019,169594763,
,09/29/2019,169595013,
,09/30/2019,169595351,
,10/01/2019,169595712,
,10/02/2019,169596110,
,10/03/2019,169596461,
,10/04/2019,169596818,2055
219 ST,09/28/2019,318886355,
,09/29/2019,318886363,
,09/30/2019,318886728,
,10/01/2019,318887170,
,10/02/2019,318887759,
,10/03/2019,318888337,
,10/04/2019,318888944,2589
225 ST,09/28/2019,663986425,
,09/29/2019,663986401,
,09/30/2019,663986389,
,10/01/2019,663985957,
,10/02/2019,663985450,
,10/03/2019,663984826,
,10/04/2019,663984264,-2161
23 ST,09/28/2019,1931738035,
,09/29/2019,1931738547,
,09/30/2019,1931739552,
,10/01/2019,1931740672,
,10/02/2019,1931741806,
,10/03/2019,1931742962,
,10/04/2019,1931744086,6051
231 ST,09/28/2019,717728,
,09/29/2019,717779,
,09/30/2019,717824,
,10/01/2019,717890,
,10/02/2019,717942,
,10/03/2019,718014,
,10/04/2019,718072,344
233 ST,09/28/2019,3463827,
,09/29/2019,3463827,
,09/30/2019,3464544,
,10/01/2019,3465301,
,10/02/2019,3466127,
,10/03/2019,3466966,
,10/04/2019,3467837,4010
238 ST,09/28/2019,400018,
,09/29/2019,400044,
,09/30/2019,400064,
,10/01/2019,400091,
,10/02/2019,400117,
,10/03/2019,400147,
,10/04/2019,400191,173
25 AV,09/28/2019,1662514,
,09/29/2019,1662620,
,09/30/2019,1663198,
,10/01/2019,1663931,
,10/02/2019,1664727,
,10/03/2019,1665518,
,10/04/2019,1666162,3648
25 ST,09/28/2019,8080348,
,09/29/2019,8080988,
,09/30/2019,8081868,
,10/01/2019,8082795,
,10/02/2019,8083808,
,10/03/2019,8084858,
,10/04/2019,8085841,5493
28 ST,09/28/2019,1392631043,
,09/29/2019,1392631043,
,09/30/2019,1392631218,
,10/01/2019,1392631562,
,10/02/2019,1392632011,
,10/03/2019,1392632482,
,10/04/2019,1392632847,1804
3 AV,09/28/2019,9059161,
,09/29/2019,9059161,
,09/30/2019,9060810,
,10/01/2019,9062794,
,10/02/2019,9064796,
,10/03/2019,9066825,
,10/04/2019,9069012,9851
3 AV 138 ST,09/28/2019,1425873977,
,09/29/2019,1425872190,
,09/30/2019,1425870445,
,10/01/2019,1425868423,
,10/02/2019,1425866423,
,10/03/2019,1425864101,
,10/04/2019,1425861903,-12074
3 AV-149 ST,09/28/2019,1057122452,
,09/29/2019,1057123211,
,09/30/2019,1057124769,
,10/01/2019,1057126584,
,10/02/2019,1057128515,
,10/03/2019,1057130436,
,10/04/2019,1057132492,10040
30 AV,09/28/2019,22500579,
,09/29/2019,22500756,
,09/30/2019,22502368,
,10/01/2019,22504397,
,10/02/2019,22506487,
,10/03/2019,22508731,
,10/04/2019,22510950,10371
33 ST,09/28/2019,1514121892,
,09/29/2019,1514121552,
,09/30/2019,1514121356,
,10/01/2019,1514120842,
,10/02/2019,1514120250,
,10/03/2019,1514119557,
,10/04/2019,1514118830,-3062
33 ST-RAWSON ST,09/28/2019,12646400,
,09/29/2019,12646732,
,09/30/2019,12648061,
,10/01/2019,12649481,
,10/02/2019,12651739,
,10/03/2019,12654013,
,10/04/2019,12655850,9450
34 ST-HERALD SQ,09/28/2019,2048739202,
,09/29/2019,2048741303,
,09/30/2019,2048743874,
,10/01/2019,2048746329,
,10/02/2019,2048749046,
,10/03/2019,2048751772,
,10/04/2019,2048754409,15207
34 ST-HUDSON YD,09/28/2019,3835226,
,09/29/2019,3838488,
,09/30/2019,3844116,
,10/01/2019,3849671,
,10/02/2019,3855399,
,10/03/2019,3863553,
,10/04/2019,3872662,37436
34 ST-PENN STA,09/28/2019,1368428821,
,09/29/2019,1368429247,
,09/30/2019,1368430109,
,10/01/2019,1368430984,
,10/02/2019,1368431963,
,10/03/2019,1368433117,
,10/04/2019,1368434122,5301
36 AV,09/28/2019,15157383,
,09/29/2019,15157625,
,09/30/2019,15158164,
,10/01/2019,15158749,
,10/02/2019,15159568,
,10/03/2019,15160326,
,10/04/2019,15161068,3685
36 ST,09/28/2019,7500211,
,09/29/2019,7503280,
,09/30/2019,7506557,
,10/01/2019,7509847,
,10/02/2019,7513268,
,10/03/2019,7516816,
,10/04/2019,7520509,20298
39 AV,09/28/2019,4488976,
,09/29/2019,4489002,
,09/30/2019,4489475,
,10/01/2019,4490079,
,10/02/2019,4490760,
,10/03/2019,4491479,
,10/04/2019,4492146,3170
4 AV-9 ST,09/28/2019,16214584,
,09/29/2019,16215996,
,09/30/2019,16217934,
,10/01/2019,16220082,
,10/02/2019,16222508,
,10/03/2019,16224904,
,10/04/2019,16227135,12551
40 ST LOWERY ST,09/28/2019,12599425,
,09/29/2019,12600141,
,09/30/2019,12601205,
,10/01/2019,12602326,
,10/02/2019,12603567,
,10/03/2019,12604883,
,10/04/2019,12606181,6756
42 ST-BRYANT PK,09/28/2019,1294482051,
,09/29/2019,1294482764,
,09/30/2019,1294484465,
,10/01/2019,1294486232,
,10/02/2019,1294488304,
,10/03/2019,1294490297,
,10/04/2019,1294492033,9982
42 ST-PORT AUTH,09/28/2019,1830285815,
,09/29/2019,1830286775,
,09/30/2019,1830287593,
,10/01/2019,1830288433,
,10/02/2019,1830289378,
,10/03/2019,1830290268,
,10/04/2019,1830291294,5479
45 ST,09/28/2019,7909207,
,09/29/2019,7911396,
,09/30/2019,7913367,
,10/01/2019,7915232,
,10/02/2019,7917439,
,10/03/2019,7919521,
,10/04/2019,7921636,12429
46 ST,09/28/2019,7256106,
,09/29/2019,7256931,
,09/30/2019,7258517,
,10/01/2019,7260162,
,10/02/2019,7262013,
,10/03/2019,7263878,
,10/04/2019,7265603,9497
46 ST BLISS ST,09/28/2019,9575121,
,09/29/2019,9575955,
,09/30/2019,9577160,
,10/01/2019,9578331,
,10/02/2019,9579623,
,10/03/2019,9580910,
,10/04/2019,9582234,7113
47-50 STS ROCK,09/28/2019,2038125975,
,09/29/2019,2038126704,
,09/30/2019,2038129035,
,10/01/2019,2038131518,
,10/02/2019,2038134579,
,10/03/2019,2038137757,
,10/04/2019,2038140485,14510
49 ST,09/28/2019,37872188,
,09/29/2019,37872199,
,09/30/2019,37876680,
,10/01/2019,37882822,
,10/02/2019,37889096,
,10/03/2019,37895275,
,10/04/2019,37901754,29566
4AV-9 ST,09/28/2019,4803029,
,09/29/2019,4803368,
,09/30/2019,4803747,
,10/01/2019,4804181,
,10/02/2019,4804723,
,10/03/2019,4805201,
,10/04/2019,4805723,2694
5 AV/53 ST,09/28/2019,30808420,
,09/29/2019,30808422,
,09/30/2019,30812691,
,10/01/2019,30817094,
,10/02/2019,30822656,
,10/03/2019,30828443,
,10/04/2019,30833593,25173
5 AV/59 ST,09/28/2019,16497386,
,09/29/2019,16497574,
,09/30/2019,16498080,
,10/01/2019,16498590,
,10/02/2019,16499100,
,10/03/2019,16499639,
,10/04/2019,16500104,2718
5 AVE,09/28/2019,3660324,
,09/29/2019,3662233,
,09/30/2019,3666892,
,10/01/2019,3671778,
,10/02/2019,3676929,
,10/03/2019,3683026,
,10/04/2019,3688159,27835
50 ST,09/28/2019,335289318,
,09/29/2019,335290428,
,09/30/2019,335291791,
,10/01/2019,335293272,
,10/02/2019,335295071,
,10/03/2019,335296966,
,10/04/2019,335298656,9338
51 ST,09/28/2019,569333199,
,09/29/2019,569333599,
,09/30/2019,569334437,
,10/01/2019,569335398,
,10/02/2019,569336386,
,10/03/2019,569337437,
,10/04/2019,569338444,5245
52 ST,09/28/2019,10499600,
,09/29/2019,10500466,
,09/30/2019,10501827,
,10/01/2019,10503202,
,10/02/2019,10504837,
,10/03/2019,10506434,
,10/04/2019,10507989,8389
53 ST,09/28/2019,134416407,
,09/29/2019,134416958,
,09/30/2019,134417620,
,10/01/2019,134418399,
,10/02/2019,134418863,
,10/03/2019,134419450,
,10/04/2019,134420236,3829
55 ST,09/28/2019,4113559,
,09/29/2019,4113807,
,09/30/2019,4113994,
,10/01/2019,4114196,
,10/02/2019,4114539,
,10/03/2019,4114960,
,10/04/2019,4115316,1757
57 ST,09/28/2019,8049691,
,09/29/2019,8050421,
,09/30/2019,8051165,
,10/01/2019,8051975,
,10/02/2019,8052921,
,10/03/2019,8053776,
,10/04/2019,8054910,5219
57 ST-7 AV,09/28/2019,1293678928,
,09/29/2019,1293680007,
,09/30/2019,1293681368,
,10/01/2019,1293683017,
,10/02/2019,1293684846,
,10/03/2019,1293686700,
,10/04/2019,1293688453,9525
59 ST,09/28/2019,735305803,
,09/29/2019,735304585,
,09/30/2019,735303651,
,10/01/2019,735301997,
,10/02/2019,735299950,
,10/03/2019,735297693,
,10/04/2019,735295484,-10319
59 ST COLUMBUS,09/28/2019,1222700533,
,09/29/2019,1222700917,
,09/30/2019,1222701413,
,10/01/2019,1222702048,
,10/02/2019,1222702804,
,10/03/2019,1222703508,
,10/04/2019,1222704256,3723
6 AV,09/28/2019,1200604775,
,09/29/2019,1200604653,
,09/30/2019,1200604591,
,10/01/2019,1200604479,
,10/02/2019,1200604343,
,10/03/2019,1200604187,
,10/04/2019,1200604033,-742
61 ST WOODSIDE,09/28/2019,2123734884,
,09/29/2019,2123732924,
,09/30/2019,2123731269,
,10/01/2019,2123728503,
,10/02/2019,2123725774,
,10/03/2019,2123722849,
,10/04/2019,2123719780,-15104
63 DR-REGO PARK,09/28/2019,6384635,
,09/29/2019,6385532,
,09/30/2019,6386827,
,10/01/2019,6388246,
,10/02/2019,6389920,
,10/03/2019,6391612,
,10/04/2019,6393354,8719
65 ST,09/28/2019,9233476,
,09/29/2019,9234435,
,09/30/2019,9235517,
,10/01/2019,9236618,
,10/02/2019,9237739,
,10/03/2019,9238889,
,10/04/2019,9240115,6639
66 ST-LINCOLN,09/28/2019,14333218,
,09/29/2019,14334221,
,09/30/2019,14335635,
,10/01/2019,14337104,
,10/02/2019,14338763,
,10/03/2019,14340629,
,10/04/2019,14342492,9274
67 AV,09/28/2019,6813809,
,09/29/2019,6814117,
,09/30/2019,6814632,
,10/01/2019,6815210,
,10/02/2019,6815943,
,10/03/2019,6816700,
,10/04/2019,6817382,3573
68ST-HUNTER CO,09/28/2019,15395171,
,09/29/2019,15395697,
,09/30/2019,15396695,
,10/01/2019,15397834,
,10/02/2019,15399588,
,10/03/2019,15401532,
,10/04/2019,15403270,8099
69 ST,09/28/2019,8802614,
,09/29/2019,8803658,
,09/30/2019,8804849,
,10/01/2019,8806030,
,10/02/2019,8807384,
,10/03/2019,8808759,
,10/04/2019,8810069,7455
7 AV,09/28/2019,14354465,
,09/29/2019,14355531,
,09/30/2019,14357592,
,10/01/2019,14359861,
,10/02/2019,14362525,
,10/03/2019,14365151,
,10/04/2019,14367747,13282
71 ST,09/28/2019,7627169,
,09/29/2019,7627261,
,09/30/2019,7627774,
,10/01/2019,7628477,
,10/02/2019,7629262,
,10/03/2019,7629987,
,10/04/2019,7630640,3471
72 ST,09/28/2019,1759546127,
,09/29/2019,1759547223,
,09/30/2019,1759548792,
,10/01/2019,1759550472,
,10/02/2019,1759552399,
,10/03/2019,1759554175,
,10/04/2019,1759555947,9820
72 ST-2 AVE,09/28/2019,3006606,
,09/29/2019,3008370,
,09/30/2019,3011852,
,10/01/2019,3015618,
,10/02/2019,3019880,
,10/03/2019,3024036,
,10/04/2019,3027928,21322
74 ST-BROADWAY,09/28/2019,3997484,
,09/29/2019,3998229,
,09/30/2019,3999108,
,10/01/2019,3999935,
,10/02/2019,4000789,
,10/03/2019,4001583,
,10/04/2019,4002483,4999
75 AV,09/28/2019,942353849,
,09/29/2019,942353565,
,09/30/2019,942353351,
,10/01/2019,942352997,
,10/02/2019,942352571,
,10/03/2019,942352141,
,10/04/2019,942351698,-2151
75 ST-ELDERTS,09/28/2019,4434282,
,09/29/2019,4434607,
,09/30/2019,4435098,
,10/01/2019,4435661,
,10/02/2019,4436415,
,10/03/2019,4437126,
,10/04/2019,4437817,3535
77 ST,09/28/2019,26425725,
,09/29/2019,26427326,
,09/30/2019,26429528,
,10/01/2019,26432051,
,10/02/2019,26434749,
,10/03/2019,26437519,
,10/04/2019,26440204,14479
79 ST,09/28/2019,117711975,
,09/29/2019,117711984,
,09/30/2019,117712257,
,10/01/2019,117712615,
,10/02/2019,117712983,
,10/03/2019,117713340,
,10/04/2019,117713663,1688
8 AV,09/28/2019,12979031,
,09/29/2019,12980410,
,09/30/2019,12982131,
,10/01/2019,12983981,
,10/02/2019,12985972,
,10/03/2019,12987969,
,10/04/2019,12990114,11083
8 ST-NYU,09/28/2019,17786056,
,09/29/2019,17786540,
,09/30/2019,17787412,
,10/01/2019,17788098,
,10/02/2019,17789123,
,10/03/2019,17790073,
,10/04/2019,17790786,4730
80 ST,09/28/2019,2665327,
,09/29/2019,2665327,
,09/30/2019,2665832,
,10/01/2019,2666462,
,10/02/2019,2667194,
,10/03/2019,2667944,
,10/04/2019,2668596,3269
81 ST-MUSEUM,09/28/2019,14241236,
,09/29/2019,14242494,
,09/30/2019,14244494,
,10/01/2019,14246581,
,10/02/2019,14248883,
,10/03/2019,14251663,
,10/04/2019,14253979,12743
82 ST-JACKSON H,09/28/2019,6501314,
,09/29/2019,6503323,
,09/30/2019,6506138,
,10/01/2019,6508926,
,10/02/2019,6511862,
,10/03/2019,6514799,
,10/04/2019,6517785,16471
85 ST-FOREST PK,09/28/2019,7338488,
,09/29/2019,7338883,
,09/30/2019,7339458,
,10/01/2019,7340019,
,10/02/2019,7340658,
,10/03/2019,7341327,
,10/04/2019,7342022,3534
86 ST,09/28/2019,1875981575,
,09/29/2019,1875980917,
,09/30/2019,1875980523,
,10/01/2019,1875979718,
,10/02/2019,1875978818,
,10/03/2019,1875977718,
,10/04/2019,1875976518,-5057
86 ST-2 AVE,09/28/2019,50331652,
,09/29/2019,50331652,
,09/30/2019,50331652,
,10/01/2019,50331652,
,10/02/2019,50331652,
,10/03/2019,50331652,
,10/04/2019,50331652,0
88 ST,09/28/2019,8322851,
,09/29/2019,8322851,
,09/30/2019,8323503,
,10/01/2019,8324308,
,10/02/2019,8325213,
,10/03/2019,8326122,
,10/04/2019,8326943,4092
9 AV,09/28/2019,11046345,
,09/29/2019,11046443,
,09/30/2019,11046623,
,10/01/2019,11046861,
,10/02/2019,11047147,
,10/03/2019,11047437,
,10/04/2019,11047694,1349
90 ST-ELMHURST,09/28/2019,10388438,
,09/29/2019,10389500,
,09/30/2019,10390814,
,10/01/2019,10392155,
,10/02/2019,10393557,
,10/03/2019,10394879,
,10/04/2019,10396285,7847
96 ST,09/28/2019,20250415,
,09/29/2019,20254182,
,09/30/2019,20259205,
,10/01/2019,20264748,
,10/02/2019,20271300,
,10/03/2019,20277816,
,10/04/2019,20284205,33790
96 ST-2 AVE,09/28/2019,2305086,
,09/29/2019,2306950,
,09/30/2019,2309704,
,10/01/2019,2312523,
,10/02/2019,2315731,
,10/03/2019,2318932,
,10/04/2019,2321878,16792
9TH STREET,09/28/2019,220885,
,09/29/2019,222639,
,09/30/2019,224743,
,10/01/2019,226919,
,10/02/2019,229164,
,10/03/2019,231513,
,10/04/2019,233772,
ALABAMA AV,09/28/2019,6664010,
,09/29/2019,6664936,
,09/30/2019,6666387,
,10/01/2019,6667805,
,10/02/2019,6669504,
,10/03/2019,6671103,
,10/04/2019,6672842,
ALLERTON AV,09/28/2019,3510766,
,09/29/2019,3511177,
,09/30/2019,3511950,
,10/01/2019,3512803,
,10/02/2019,3513696,
,10/03/2019,3514673,
,10/04/2019,3515613,
AQUEDUCT N.COND,09/28/2019,17014193,
,09/29/2019,17014743,
,09/30/2019,17015522,
,10/01/2019,17016282,
,10/02/2019,17017105,
,10/03/2019,17017868,
,10/04/2019,17018804,
AQUEDUCT RACETR,09/28/2019,16925842,
,09/29/2019,16925898,
,09/30/2019,16925956,
,10/01/2019,16926016,
,10/02/2019,16926078,
,10/03/2019,16926141,
,10/04/2019,16926221,
ASTOR PL,09/28/2019,11417605,
,09/29/2019,11420821,
,09/30/2019,11425246,
,10/01/2019,11429762,
,10/02/2019,11434166,
,10/03/2019,11438574,
,10/04/2019,11443242,
ASTORIA DITMARS,09/28/2019,13568772,
,09/29/2019,13570950,
,09/30/2019,13574297,
,10/01/2019,13577861,
,10/02/2019,13581690,
,10/03/2019,13585728,
,10/04/2019,13589686,
ATL AV-BARCLAY,09/28/2019,134263112,
,09/29/2019,134263112,
,09/30/2019,134263112,
,10/01/2019,134263112,
,10/02/2019,134263112,
,10/03/2019,134263112,
,10/04/2019,134263112,
ATLANTIC AV,09/28/2019,939811,
,09/29/2019,939900,
,09/30/2019,940281,
,10/01/2019,940604,
,10/02/2019,941020,
,10/03/2019,941476,
,10/04/2019,941880,
AVENUE H,09/28/2019,562425,
,09/29/2019,562837,
,09/30/2019,563353,
,10/01/2019,563870,
,10/02/2019,564871,
,10/03/2019,565873,
,10/04/2019,566599,
AVENUE I,09/28/2019,995540216,
,09/29/2019,995540093,
,09/30/2019,995539931,
,10/01/2019,995539789,
,10/02/2019,995539649,
,10/03/2019,995539369,
,10/04/2019,995539113,
AVENUE J,09/28/2019,7820513,
,09/29/2019,7820964,
,09/30/2019,7821467,
,10/01/2019,7821834,
,10/02/2019,7822467,
,10/03/2019,7823107,
,10/04/2019,7823720,
AVENUE M,09/28/2019,1585589,
,09/29/2019,1586046,
,09/30/2019,1586496,
,10/01/2019,1586845,
,10/02/2019,1587393,
,10/03/2019,1587958,
,10/04/2019,1588522,
AVENUE N,09/28/2019,3347853,
,09/29/2019,3347991,
,09/30/2019,3348146,
,10/01/2019,3348284,
,10/02/2019,3348594,
,10/03/2019,3348875,
,10/04/2019,3349154,
AVENUE P,09/28/2019,5004450,
,09/29/2019,5004625,
,09/30/2019,5004840,
,10/01/2019,5005084,
,10/02/2019,5005396,
,10/03/2019,5005776,
,10/04/2019,5006145,
AVENUE U,09/28/2019,687888747,
,09/29/2019,687888868,
,09/30/2019,687889069,
,10/01/2019,687889276,
,10/02/2019,687889554,
,10/03/2019,687889842,
,10/04/2019,687890110,
AVENUE X,09/28/2019,8044463,
,09/29/2019,8044901,
,09/30/2019,8045668,
,10/01/2019,8046514,
,10/02/2019,8047616,
,10/03/2019,8048713,
,10/04/2019,8049680,
B'WAY-LAFAYETTE,09/28/2019,1544057837,
,09/29/2019,1544057837,
,09/30/2019,1544057837,
,10/01/2019,1544057837,
,10/02/2019,1544057837,
,10/03/2019,1544057837,
,10/04/2019,1544057837,
BAY 50 ST,09/28/2019,6906178,
,09/29/2019,6906300,
,09/30/2019,6906456,
,10/01/2019,6906683,
,10/02/2019,6907210,
,10/03/2019,6907698,
,10/04/2019,6908056,
BAY PKWY,09/28/2019,1556066894,
,09/29/2019,1556066843,
,09/30/2019,1556066816,
,10/01/2019,1556066771,
,10/02/2019,1556066727,
,10/03/2019,1556066673,
,10/04/2019,1556066636,
BAY RIDGE AV,09/28/2019,4968234,
,09/29/2019,4968540,
,09/30/2019,4969020,
,10/01/2019,4969515,
,10/02/2019,4970047,
,10/03/2019,4970632,
,10/04/2019,4971150,
BAY RIDGE-95 ST,09/28/2019,7072907,
,09/29/2019,7073467,
,09/30/2019,7074456,
,10/01/2019,7075529,
,10/02/2019,7076757,
,10/03/2019,7078008,
,10/04/2019,7079195,
BAYCHESTER AV,09/28/2019,167849917,
,09/29/2019,167850015,
,09/30/2019,167850133,
,10/01/2019,167850275,
,10/02/2019,167850454,
,10/03/2019,167850684,
,10/04/2019,167850897,
BEACH 105 ST,09/28/2019,1069110,
,09/29/2019,1069141,
,09/30/2019,1069260,
,10/01/2019,1069400,
,10/02/2019,1069579,
,10/03/2019,1069757,
,10/04/2019,1069896,
BEACH 25 ST,09/28/2019,968274005,
,09/29/2019,968274227,
,09/30/2019,968274592,
,10/01/2019,968275000,
,10/02/2019,968275615,
,10/03/2019,968276259,
,10/04/2019,968276858,
BEACH 36 ST,09/28/2019,1845022,
,09/29/2019,1845022,
,09/30/2019,1845022,
,10/01/2019,1845022,
,10/02/2019,1845022,
,10/03/2019,1845022,
,10/04/2019,1845022,
BEACH 44 ST,09/28/2019,1409020,
,09/29/2019,1409164,
,09/30/2019,1409384,
,10/01/2019,1409639,
,10/02/2019,1409927,
,10/03/2019,1410208,
,10/04/2019,1410497,
BEACH 60 ST,09/28/2019,5449741,
,09/29/2019,5450002,
,09/30/2019,5450399,
,10/01/2019,5450831,
,10/02/2019,5451378,
,10/03/2019,5451924,
,10/04/2019,5452434,
BEACH 67 ST,09/28/2019,4380428,
,09/29/2019,4380796,
,09/30/2019,4381490,
,10/01/2019,4382270,
,10/02/2019,4383203,
,10/03/2019,4384063,
,10/04/2019,4384871,
BEACH 90 ST,09/28/2019,3781851,
,09/29/2019,3782033,
,09/30/2019,3782421,
,10/01/2019,3782798,
,10/02/2019,3783246,
,10/03/2019,3783649,
,10/04/2019,3784046,
BEACH 98 ST,09/28/2019,2116491,
,09/29/2019,2116555,
,09/30/2019,2116715,
,10/01/2019,2116935,
,10/02/2019,2117261,
,10/03/2019,2117567,
,10/04/2019,2117831,
BEDFORD AV,09/28/2019,30007982,
,09/29/2019,30008084,
,09/30/2019,30008427,
,10/01/2019,30008830,
,10/02/2019,30009429,
,10/03/2019,30009904,
,10/04/2019,30010387,
BEDFORD PK BLVD,09/28/2019,4542282,
,09/29/2019,4542841,
,09/30/2019,4543667,
,10/01/2019,4544514,
,10/02/2019,4545555,
,10/03/2019,4546645,
,10/04/2019,4547672,
BEDFORD-NOSTRAN,09/28/2019,16777322,
,09/29/2019,16777322,
,09/30/2019,16777322,
,10/01/2019,16777322,
,10/02/2019,16777322,
,10/03/2019,16777322,
,10/04/2019,16777322,
BERGEN ST,09/28/2019,7612954,
,09/29/2019,7614079,
,09/30/2019,7615508,
,10/01/2019,7617147,
,10/02/2019,7618947,
,10/03/2019,7620766,
,10/04/2019,7622538,
BEVERLEY ROAD,09/28/2019,10267037,
,09/29/2019,10268267,
,09/30/2019,10269798,
,10/01/2019,10271616,
,10/02/2019,10273515,
,10/03/2019,10275383,
,10/04/2019,10277456,
BEVERLY RD,09/28/2019,17146388,
,09/29/2019,17146568,
,09/30/2019,17146865,
,10/01/2019,17147180,
,10/02/2019,17147592,
,10/03/2019,17147946,
,10/04/2019,17148311,
BLEECKER ST,09/28/2019,7248824,
,09/29/2019,7249625,
,09/30/2019,7250778,
,10/01/2019,7252020,
,10/02/2019,7253413,
,10/03/2019,7254895,
,10/04/2019,7256412,
BOROUGH HALL,09/28/2019,6571763,
,09/29/2019,6572702,
,09/30/2019,6574214,
,10/01/2019,6575999,
,10/02/2019,6578129,
,10/03/2019,6580161,
,10/04/2019,6582216,
BOTANIC GARDEN,09/28/2019,2029727,
,09/29/2019,2029859,
,09/30/2019,2029980,
,10/01/2019,2030128,
,10/02/2019,2030403,
,10/03/2019,2030673,
,10/04/2019,2030953,
BOWERY,09/28/2019,7002226,
,09/29/2019,7003580,
,09/30/2019,7004931,
,10/01/2019,7006212,
,10/02/2019,7007756,
,10/03/2019,7009135,
,10/04/2019,7010824,
BOWLING GREEN,09/28/2019,1343172644,
,09/29/2019,1343173091,
,09/30/2019,1343173797,
,10/01/2019,1343174444,
,10/02/2019,1343175249,
,10/03/2019,1343176088,
,10/04/2019,1343176847,
BRIARWOOD,09/28/2019,6280669,
,09/29/2019,6281091,
,09/30/2019,6281845,
,10/01/2019,6282714,
,10/02/2019,6283662,
,10/03/2019,6284617,
,10/04/2019,6285613,
BRIGHTON BEACH,09/28/2019,12688499,
,09/29/2019,12689309,
,09/30/2019,12689921,
,10/01/2019,12690589,
,10/02/2019,12691438,
,10/03/2019,12692175,
,10/04/2019,12692854,
BROAD CHANNEL,09/28/2019,126317,
,09/29/2019,126327,
,09/30/2019,126334,
,10/01/2019,126342,
,10/02/2019,126348,
,10/03/2019,126366,
,10/04/2019,126387,
BROAD ST,09/28/2019,5290735,
,09/29/2019,5290752,
,09/30/2019,5290768,
,10/01/2019,5290786,
,10/02/2019,5290800,
,10/03/2019,5290820,
,10/04/2019,5290843,
BROADWAY,09/28/2019,12059952,
,09/29/2019,12059978,
,09/30/2019,12062969,
,10/01/2019,12066622,
,10/02/2019,12070745,
,10/03/2019,12074910,
,10/04/2019,12079219,
BROADWAY JCT,09/28/2019,22223524,
,09/29/2019,22225919,
,09/30/2019,22228856,
,10/01/2019,22231750,
,10/02/2019,22235136,
,10/03/2019,22238443,
,10/04/2019,22241643,
BRONX PARK EAST,09/28/2019,436374259,
,09/29/2019,436374432,
,09/30/2019,436374707,
,10/01/2019,436375005,
,10/02/2019,436375386,
,10/03/2019,436375769,
,10/04/2019,436376124,
BROOK AV,09/28/2019,9584263,
,09/29/2019,9585100,
,09/30/2019,9586001,
,10/01/2019,9587457,
,10/02/2019,9588762,
,10/03/2019,9590121,
,10/04/2019,9591477,
BROOKLYN BRIDGE,09/28/2019,564190465,
,09/29/2019,564190740,
,09/30/2019,564191371,
,10/01/2019,564192075,
,10/02/2019,564192842,
,10/03/2019,564193514,
,10/04/2019,564194339,
BUHRE AV,09/28/2019,2445268,
,09/29/2019,2446178,
,09/30/2019,2447959,
,10/01/2019,2449937,
,10/02/2019,2452039,
,10/03/2019,2454156,
,10/04/2019,2456265,
BURKE AV,09/28/2019,2736136,
,09/29/2019,2736423,
,09/30/2019,2736935,
,10/01/2019,2737428,
,10/02/2019,2738004,
,10/03/2019,2738600,
,10/04/2019,2739219,
BURNSIDE AV,09/28/2019,1008612604,
,09/29/2019,1008613093,
,09/30/2019,1008613998,
,10/01/2019,1008614911,
,10/02/2019,1008616096,
,10/03/2019,1008617266,
,10/04/2019,1008618292,
BUSHWICK AV,09/28/2019,3854971,
,09/29/2019,3854971,
,09/30/2019,3855661,
,10/01/2019,3856550,
,10/02/2019,3857571,
,10/03/2019,3858522,
,10/04/2019,3859416,
CANAL ST,09/28/2019,2031164908,
,09/29/2019,2031165604,
,09/30/2019,2031166608,
,10/01/2019,2031167637,
,10/02/2019,2031168578,
,10/03/2019,2031169638,
,10/04/2019,2031170775,
CANARSIE-ROCKAW,09/28/2019,6761667,
,09/29/2019,6762414,
,09/30/2019,6764700,
,10/01/2019,6767509,
,10/02/2019,6770839,
,10/03/2019,6773743,
,10/04/2019,6776811,
CARROLL ST,09/28/2019,19961742,
,09/29/2019,19963465,
,09/30/2019,19965823,
,10/01/2019,19968456,
,10/02/2019,19971455,
,10/03/2019,19974586,
,10/04/2019,19977450,
CASTLE HILL AV,09/28/2019,10216965,
,09/29/2019,10218873,
,09/30/2019,10221741,
,10/01/2019,10225037,
,10/02/2019,10228656,
,10/03/2019,10232245,
,10/04/2019,10235679,
CATHEDRAL PKWY,09/28/2019,134521784,
,09/29/2019,134522223,
,09/30/2019,134522718,
,10/01/2019,134523275,
,10/02/2019,134523880,
,10/03/2019,134524493,
,10/04/2019,134525162,
CENTRAL AV,09/28/2019,3871198,
,09/29/2019,3872277,
,09/30/2019,3873310,
,10/01/2019,3874363,
,10/02/2019,3875492,
,10/03/2019,3876610,
,10/04/2019,3877759,
CENTRAL PK N110,09/28/2019,235979979,
,09/29/2019,235980416,
,09/30/2019,235980974,
,10/01/2019,235981640,
,10/02/2019,235982457,
,10/03/2019,235983254,
,10/04/2019,235984075,
CHAMBERS ST,09/28/2019,1712869607,
,09/29/2019,1712870007,
,09/30/2019,1712870675,
,10/01/2019,1712871436,
,10/02/2019,1712872581,
,10/03/2019,1712873701,
,10/04/2019,1712874763,
CHAUNCEY ST,09/28/2019,2266317,
,09/29/2019,2266724,
,09/30/2019,2267110,
,10/01/2019,2267457,
,10/02/2019,2267927,
,10/03/2019,2268390,
,10/04/2019,2268843,
CHRISTOPHER ST,09/28/2019,5745449,
,09/29/2019,5746011,
,09/30/2019,5746581,
,10/01/2019,5747150,
,10/02/2019,5747807,
,10/03/2019,5748554,
,10/04/2019,5749229,
CHURCH AV,09/28/2019,1577701679,
,09/29/2019,1577702122,
,09/30/2019,1577702859,
,10/01/2019,1577703621,
,10/02/2019,1577704399,
,10/03/2019,1577705202,
,10/04/2019,1577706083,
CITY / BUS,09/28/2019,425857,
,09/29/2019,428631,
,09/30/2019,432680,
,10/01/2019,437555,
,10/02/2019,442623,
,10/03/2019,446838,
,10/04/2019,451715,
CITY HALL,09/28/2019,17251805,
,09/29/2019,17251873,
,09/30/2019,17252090,
,10/01/2019,17252323,
,10/02/2019,17252613,
,10/03/2019,17252881,
,10/04/2019,17253155,
CLARK ST,09/28/2019,10786432,
,09/29/2019,10787498,
,09/30/2019,10788542,
,10/01/2019,10789550,
,10/02/2019,10790656,
,10/03/2019,10791731,
,10/04/2019,10792836,
CLASSON AV,09/28/2019,9046292,
,09/29/2019,9047502,
,09/30/2019,9049023,
,10/01/2019,9050547,
,10/02/2019,9052382,
,10/03/2019,9054244,
,10/04/2019,9056096,
CLEVELAND ST,09/28/2019,5254630,
,09/29/2019,5255903,
,09/30/2019,5257727,
,10/01/2019,5259587,
,10/02/2019,5261824,
,10/03/2019,5264002,
,10/04/2019,5266262,
CLINTON-WASH AV,09/28/2019,50427122,
,09/29/2019,50427177,
,09/30/2019,50427241,
,10/01/2019,50427297,
,10/02/2019,50427383,
,10/03/2019,50427472,
,10/04/2019,50427560,
CONEY IS-STILLW,09/28/2019,302451103,
,09/29/2019,302451587,
,09/30/2019,302451964,
,10/01/2019,302452339,
,10/02/2019,302452760,
,10/03/2019,302453013,
,10/04/2019,302453309,
CORTELYOU RD,09/28/2019,2782166,
,09/29/2019,2782576,
,09/30/2019,2783041,
,10/01/2019,2783564,
,10/02/2019,2784035,
,10/03/2019,2784528,
,10/04/2019,2785005,
CORTLANDT ST,09/28/2019,871623833,
,09/29/2019,871623876,
,09/30/2019,871624130,
,10/01/2019,871624366,
,10/02/2019,871624666,
,10/03/2019,871624848,
,10/04/2019,871625099,
COURT SQ,09/28/2019,681467982,
,09/29/2019,681467957,
,09/30/2019,681467953,
,10/01/2019,681467189,
,10/02/2019,681466293,
,10/03/2019,681465271,
,10/04/2019,681464279,
COURT SQ-23 ST,09/28/2019,844476,
,09/29/2019,844507,
,09/30/2019,845560,
,10/01/2019,846816,
,10/02/2019,848444,
,10/03/2019,850082,
,10/04/2019,851773,
CRESCENT ST,09/28/2019,8555685,
,09/29/2019,8556518,
,09/30/2019,8557755,
,10/01/2019,8559043,
,10/02/2019,8560565,
,10/03/2019,8561986,
,10/04/2019,8563508,
CROWN HTS-UTICA,09/28/2019,22812449,
,09/29/2019,22813929,
,09/30/2019,22816177,
,10/01/2019,22818695,
,10/02/2019,22821524,
,10/03/2019,22824401,
,10/04/2019,22827316,
CYPRESS AV,09/28/2019,251754065,
,09/29/2019,251754140,
,09/30/2019,251754353,
,10/01/2019,251754580,
,10/02/2019,251754817,
,10/03/2019,251755085,
,10/04/2019,251755345,
CYPRESS HILLS,09/28/2019,2883227,
,09/29/2019,2883414,
,09/30/2019,2883697,
,10/01/2019,2883979,
,10/02/2019,2884347,
,10/03/2019,2884696,
,10/04/2019,2885020,
DEKALB AV,09/28/2019,1850464831,
,09/29/2019,1850465833,
,09/30/2019,1850467875,
,10/01/2019,1850470083,
,10/02/2019,1850472772,
,10/03/2019,1850475487,
,10/04/2019,1850478290,
DELANCEY/ESSEX,09/28/2019,12000068,
,09/29/2019,12002062,
,09/30/2019,12003626,
,10/01/2019,12005115,
,10/02/2019,12006822,
,10/03/2019,12008537,
,10/04/2019,12010484,
DITMAS AV,09/28/2019,5021102,
,09/29/2019,5021733,
,09/30/2019,5022691,
,10/01/2019,5023751,
,10/02/2019,5025004,
,10/03/2019,5026205,
,10/04/2019,5027402,
DYCKMAN ST,09/28/2019,2356393,
,09/29/2019,2357699,
,09/30/2019,2359196,
,10/01/2019,2360966,
,10/02/2019,2362588,
,10/03/2019,2364281,
,10/04/2019,2366085,
E 143/ST MARY'S,09/28/2019,3147048,
,09/29/2019,3147256,
,09/30/2019,3147755,
,10/01/2019,3148307,
,10/02/2019,3149026,
,10/03/2019,3149791,
,10/04/2019,3150442,
E 149 ST,09/28/2019,6795548,
,09/29/2019,6796504,
,09/30/2019,6797815,
,10/01/2019,6799081,
,10/02/2019,6800528,
,10/03/2019,6801830,
,10/04/2019,6803184,
E 180 ST,09/28/2019,11542485,
,09/29/2019,11543197,
,09/30/2019,11544507,
,10/01/2019,11545801,
,10/02/2019,11547351,
,10/03/2019,11548828,
,10/04/2019,11550365,
EAST 105 ST,09/28/2019,8187862,
,09/29/2019,8188174,
,09/30/2019,8188936,
,10/01/2019,8189738,
,10/02/2019,8190730,
,10/03/2019,8191618,
,10/04/2019,8192554,
EAST BROADWAY,09/28/2019,17451318,
,09/29/2019,17451631,
,09/30/2019,17451903,
,10/01/2019,17452208,
,10/02/2019,17452526,
,10/03/2019,17452886,
,10/04/2019,17453293,
EASTCHSTER/DYRE,09/28/2019,1728193120,
,09/29/2019,1728193170,
,09/30/2019,1728193345,
,10/01/2019,1728193563,
,10/02/2019,1728193844,
,10/03/2019,1728194049,
,10/04/2019,1728194286,
EASTN PKWY-MUSM,09/28/2019,10928178,
,09/29/2019,10930006,
,09/30/2019,10931907,
,10/01/2019,10933949,
,10/02/2019,10936564,
,10/03/2019,10939161,
,10/04/2019,10941859,
ELDER AV,09/28/2019,8541798,
,09/29/2019,8543652,
,09/30/2019,8546293,
,10/01/2019,8549115,
,10/02/2019,8552311,
,10/03/2019,8555467,
,10/04/2019,8558631,
ELMHURST AV,09/28/2019,1973069953,
,09/29/2019,1973070072,
,09/30/2019,1973070226,
,10/01/2019,1973070365,
,10/02/2019,1973070513,
,10/03/2019,1973070666,
,10/04/2019,1973070828,
EUCLID AV,09/28/2019,4594995,
,09/29/2019,4596034,
,09/30/2019,4596780,
,10/01/2019,4597419,
,10/02/2019,4598157,
,10/03/2019,4599010,
,10/04/2019,4599708,
EXCHANGE PLACE,09/28/2019,233122,
,09/29/2019,233583,
,09/30/2019,236174,
,10/01/2019,238890,
,10/02/2019,241550,
,10/03/2019,244383,
,10/04/2019,247017,
FAR ROCKAWAY,09/28/2019,3775152,
,09/29/2019,3775942,
,09/30/2019,3777208,
,10/01/2019,3778629,
,10/02/2019,3780271,
,10/03/2019,3781911,
,10/04/2019,3783445,
FLATBUSH AV-B.C,09/28/2019,1313983579,
,09/29/2019,1313983190,
,09/30/2019,1313982868,
,10/01/2019,1313982232,
,10/02/2019,1313981575,
,10/03/2019,1313980486,
,10/04/2019,1313979404,
FLUSHING AV,09/28/2019,11426081,
,09/29/2019,11426418,
,09/30/2019,11426838,
,10/01/2019,11427291,
,10/02/2019,11427852,
,10/03/2019,11428376,
,10/04/2019,11428880,
FLUSHING-MAIN,09/28/2019,20641852,
,09/29/2019,20643725,
,09/30/2019,20646222,
,10/01/2019,20648592,
,10/02/2019,20651436,
,10/03/2019,20653816,
,10/04/2019,20656724,
FORDHAM RD,09/28/2019,9398483,
,09/29/2019,9398860,
,09/30/2019,9399479,
,10/01/2019,9400166,
,10/02/2019,9400884,
,10/03/2019,9401529,
,10/04/2019,9402305,
FOREST AVE,09/28/2019,5949469,
,09/29/2019,5950213,
,09/30/2019,5951117,
,10/01/2019,5952191,
,10/02/2019,5953358,
,10/03/2019,5954393,
,10/04/2019,5955398,
FOREST HILLS 71,09/28/2019,17924896,
,09/29/2019,17925057,
,09/30/2019,17925460,
,10/01/2019,17925905,
,10/02/2019,17926437,
,10/03/2019,17926960,
,10/04/2019,17927495,
FRANKLIN AV,09/28/2019,2062291826,
,09/29/2019,2062291174,
,09/30/2019,2062290670,
,10/01/2019,2062290009,
,10/02/2019,2062289340,
,10/03/2019,2062288440,
,10/04/2019,2062287475,
FRANKLIN ST,09/28/2019,5807868,
,09/29/2019,5808275,
,09/30/2019,5808848,
,10/01/2019,5809596,
,10/02/2019,5810478,
,10/03/2019,5811440,
,10/04/2019,5812439,
FREEMAN ST,09/28/2019,17005784,
,09/29/2019,17005880,
,09/30/2019,17006008,
,10/01/2019,17006165,
,10/02/2019,17006324,
,10/03/2019,17006459,
,10/04/2019,17006615,
FRESH POND RD,09/28/2019,6048269,
,09/29/2019,6049125,
,09/30/2019,6050433,
,10/01/2019,6051947,
,10/02/2019,6053542,
,10/03/2019,6055035,
,10/04/2019,6056529,
FT HAMILTON PKY,09/28/2019,134237056,
,09/29/2019,134237056,
,09/30/2019,134237056,
,10/01/2019,134237056,
,10/02/2019,134237056,
,10/03/2019,134237056,
,10/04/2019,134237056,
FULTON ST,09/28/2019,1762910755,
,09/29/2019,1762910755,
,09/30/2019,1762910755,
,10/01/2019,1762910755,
,10/02/2019,1762910755,
,10/03/2019,1762910755,
,10/04/2019,1762910755,
GATES AV,09/28/2019,1816923,
,09/29/2019,1817543,
,09/30/2019,1818451,
,10/01/2019,1819406,
,10/02/2019,1820552,
,10/03/2019,1821592,
,10/04/2019,1822618,
GRAHAM AV,09/28/2019,12428640,
,09/29/2019,12428640,
,09/30/2019,12429991,
,10/01/2019,12431645,
,10/02/2019,12433534,
,10/03/2019,12435467,
,10/04/2019,12437342,
GRAND ARMY PLAZ,09/28/2019,6901400,
,09/29/2019,6901863,
,09/30/2019,6902575,
,10/01/2019,6903319,
,10/02/2019,6904427,
,10/03/2019,6905474,
,10/04/2019,6906437,
GRAND ST,09/28/2019,1406719983,
,09/29/2019,1406718283,
,09/30/2019,1406716997,
,10/01/2019,1406715350,
,10/02/2019,1406713671,
,10/03/2019,1406711809,
,10/04/2019,1406709831,
GRAND-NEWTOWN,09/28/2019,963890425,
,09/29/2019,963890172,
,09/30/2019,963889985,
,10/01/2019,963889641,
,10/02/2019,963889288,
,10/03/2019,963888896,
,10/04/2019,963888506,
GRANT AV,09/28/2019,1762319951,
,09/29/2019,1762319951,
,09/30/2019,1762321187,
,10/01/2019,1762322966,
,10/02/2019,1762324867,
,10/03/2019,1762326843,
,10/04/2019,1762328730,
GRD CNTRL-42 ST,09/28/2019,1509668462,
,09/29/2019,1509664789,
,09/30/2019,1509661980,
,10/01/2019,1509655586,
,10/02/2019,1509649825,
,10/03/2019,1509643754,
,10/04/2019,1509637347,
GREENPOINT AV,09/28/2019,6674736,
,09/29/2019,6676003,
,09/30/2019,6678545,
,10/01/2019,6681269,
,10/02/2019,6684066,
,10/03/2019,6687047,
,10/04/2019,6690075,
GROVE STREET,09/28/2019,225631,
,09/29/2019,227264,
,09/30/2019,229697,
,10/01/2019,232211,
,10/02/2019,234460,
,10/03/2019,237403,
,10/04/2019,240388,
GUN HILL RD,09/28/2019,1057646140,
,09/29/2019,1057649227,
,09/30/2019,1057650795,
,10/01/2019,1057652117,
,10/02/2019,1057653903,
,10/03/2019,1057655607,
,10/04/2019,1057657259,
HALSEY ST,09/28/2019,34592062,
,09/29/2019,34592067,
,09/30/2019,34592307,
,10/01/2019,34592689,
,10/02/2019,34593192,
,10/03/2019,34593732,
,10/04/2019,34594194,
HARLEM 148 ST,09/28/2019,4469906,
,09/29/2019,4471019,
,09/30/2019,4472677,
,10/01/2019,4474388,
,10/02/2019,4476718,
,10/03/2019,4478909,
,10/04/2019,4481060,
HARRISON,09/28/2019,240889,
,09/29/2019,241715,
,09/30/2019,244010,
,10/01/2019,246732,
,10/02/2019,249538,
,10/03/2019,251870,
,10/04/2019,254441,
HEWES ST,09/28/2019,2539806,
,09/29/2019,2540049,
,09/30/2019,2540273,
,10/01/2019,2540469,
,10/02/2019,2540789,
,10/03/2019,2541129,
,10/04/2019,2541472,
HIGH ST,09/28/2019,1904948827,
,09/29/2019,1904946501,
,09/30/2019,1904944380,
,10/01/2019,1904941892,
,10/02/2019,1904939377,
,10/03/2019,1904936824,
,10/04/2019,1904934464,
HOUSTON ST,09/28/2019,16493139,
,09/29/2019,16494000,
,09/30/2019,16495909,
,10/01/2019,16498081,
,10/02/2019,16500296,
,10/03/2019,16502610,
,10/04/2019,16504995,
HOWARD BCH JFK,09/28/2019,519885,
,09/29/2019,520156,
,09/30/2019,520865,
,10/01/2019,521631,
,10/02/2019,522407,
,10/03/2019,523354,
,10/04/2019,524118,
HOYT ST,09/28/2019,4072370,
,09/29/2019,4072744,
,09/30/2019,4073328,
,10/01/2019,4073946,
,10/02/2019,4074612,
,10/03/2019,4075247,
,10/04/2019,4076093,
HOYT-SCHER,09/28/2019,16547965,
,09/29/2019,16549484,
,09/30/2019,16551016,
,10/01/2019,16552482,
,10/02/2019,16554084,
,10/03/2019,16555699,
,10/04/2019,16557225,
HUNTERS PT AV,09/28/2019,588680375,
,09/29/2019,588680387,
,09/30/2019,588680635,
,10/01/2019,588680902,
,10/02/2019,588681210,
,10/03/2019,588681525,
,10/04/2019,588681765,
HUNTS POINT AV,09/28/2019,1979816210,
,09/29/2019,1979817053,
,09/30/2019,1979818646,
,10/01/2019,1979820417,
,10/02/2019,1979822558,
,10/03/2019,1979824615,
,10/04/2019,1979826688,
INTERVALE AV,09/28/2019,7328346,
,09/29/2019,7329255,
,09/30/2019,7330987,
,10/01/2019,7332861,
,10/02/2019,7335034,
,10/03/2019,7337271,
,10/04/2019,7339549,
INWOOD-207 ST,09/28/2019,16777568,
,09/29/2019,16777568,
,09/30/2019,16777568,
,10/01/2019,16777568,
,10/02/2019,16777568,
,10/03/2019,16777568,
,10/04/2019,16777568,
JACKSON AV,09/28/2019,632303,
,09/29/2019,632396,
,09/30/2019,632509,
,10/01/2019,632658,
,10/02/2019,632869,
,10/03/2019,633062,
,10/04/2019,633283,
JAMAICA 179 ST,09/28/2019,309092456,
,09/29/2019,309092665,
,09/30/2019,309093078,
,10/01/2019,309093566,
,10/02/2019,309094049,
,10/03/2019,309094546,
,10/04/2019,309095058,
JAMAICA CENTER,09/28/2019,25254512,
,09/29/2019,25256033,
,09/30/2019,25258914,
,10/01/2019,25262208,
,10/02/2019,25265921,
,10/03/2019,25269656,
,10/04/2019,25273262,
JAMAICA VAN WK,09/28/2019,11041715,
,09/29/2019,11043017,
,09/30/2019,11045789,
,10/01/2019,11048876,
,10/02/2019,11052273,
,10/03/2019,11055597,
,10/04/2019,11058966,
JAY ST-METROTEC,09/28/2019,17060373,
,09/29/2019,17060622,
,09/30/2019,17060888,
,10/01/2019,17061180,
,10/02/2019,17061529,
,10/03/2019,17061845,
,10/04/2019,17062150,
JEFFERSON ST,09/28/2019,5477293,
,09/29/2019,5477293,
,09/30/2019,5477916,
,10/01/2019,5478602,
,10/02/2019,5479343,
,10/03/2019,5480124,
,10/04/2019,5480903,
JFK JAMAICA CT1,09/28/2019,764165,
,09/29/2019,765743,
,09/30/2019,767386,
,10/01/2019,768784,
,10/02/2019,770297,
,10/03/2019,771678,
,10/04/2019,773382,
JKSN HT-ROOSVLT,09/28/2019,23895075,
,09/29/2019,23898616,
,09/30/2019,23903106,
,10/01/2019,23907696,
,10/02/2019,23913009,
,10/03/2019,23918363,
,10/04/2019,23923710,
JOURNAL SQUARE,09/28/2019,555659,
,09/29/2019,559248,
,09/30/2019,563621,
,10/01/2019,570298,
,10/02/2019,577272,
,10/03/2019,583228,
,10/04/2019,587686,
JUNCTION BLVD,09/28/2019,34329344,
,09/29/2019,34331755,
,09/30/2019,34335238,
,10/01/2019,34339096,
,10/02/2019,34343364,
,10/03/2019,34347728,
,10/04/2019,34351957,
JUNIUS ST,09/28/2019,6225723,
,09/29/2019,6226037,
,09/30/2019,6226636,
,10/01/2019,6227162,
,10/02/2019,6227904,
,10/03/2019,6228624,
,10/04/2019,6229390,
KEW GARDENS,09/28/2019,25598310,
,09/29/2019,25599577,
,09/30/2019,25602823,
,10/01/2019,25606091,
,10/02/2019,25609880,
,10/03/2019,25613655,
,10/04/2019,25617338,
KINGS HWY,09/28/2019,763625271,
,09/29/2019,763625271,
,09/30/2019,763625271,
,10/01/2019,763625271,
,10/02/2019,763625271,
,10/03/2019,763625271,
,10/04/2019,763625271,
KINGSBRIDGE RD,09/28/2019,705045298,
,09/29/2019,705046009,
,09/30/2019,705047015,
,10/01/2019,705048075,
,10/02/2019,705049179,
,10/03/2019,705050217,
,10/04/2019,705051265,
KINGSTON AV,09/28/2019,12413194,
,09/29/2019,12414229,
,09/30/2019,12415483,
,10/01/2019,12416749,
,10/02/2019,12418388,
,10/03/2019,12420071,
,10/04/2019,12422058,
KINGSTON-THROOP,09/28/2019,5470729,
,09/29/2019,5471645,
,09/30/2019,5472703,
,10/01/2019,5473771,
,10/02/2019,5475037,
,10/03/2019,5476333,
,10/04/2019,5477486,
KNICKERBOCKER,09/28/2019,5380419,
,09/29/2019,5384013,
,09/30/2019,5387096,
,10/01/2019,5390250,
,10/02/2019,5393634,
,10/03/2019,5396920,
,10/04/2019,5400403,
KOSCIUSZKO ST,09/28/2019,4135391,
,09/29/2019,4135713,
,09/30/2019,4136157,
,10/01/2019,4136595,
,10/02/2019,4137062,
,10/03/2019,4137528,
,10/04/2019,4138064,
LACKAWANNA,09/28/2019,136191,
,09/29/2019,136195,
,09/30/2019,137938,
,10/01/2019,139670,
,10/02/2019,141217,
,10/03/2019,143426,
,10/04/2019,144966,
LAFAYETTE AV,09/28/2019,318797027,
,09/29/2019,318797168,
,09/30/2019,318797290,
,10/01/2019,318797417,
,10/02/2019,318797543,
,10/03/2019,318797670,
,10/04/2019,318797834,
LEXINGTON AV/53,09/28/2019,1595844815,
,09/29/2019,1595845055,
,09/30/2019,1595846565,
,10/01/2019,1595847974,
,10/02/2019,1595849985,
,10/03/2019,1595852017,
,10/04/2019,1595853789,
LEXINGTON AV/63,09/28/2019,44498072,
,09/29/2019,44494805,
,09/30/2019,44492677,
,10/01/2019,44490225,
,10/02/2019,44487403,
,10/03/2019,44483728,
,10/04/2019,44480154,
LIBERTY AV,09/28/2019,3591421,
,09/29/2019,3591589,
,09/30/2019,3591893,
,10/01/2019,3592185,
,10/02/2019,3592603,
,10/03/2019,3592984,
,10/04/2019,3593363,
LIVONIA AV,09/28/2019,2025918,
,09/29/2019,2026152,
,09/30/2019,2026545,
,10/01/2019,2027099,
,10/02/2019,2027640,
,10/03/2019,2028058,
,10/04/2019,2028562,
LONGWOOD AV,09/28/2019,8029063,
,09/29/2019,8029881,
,09/30/2019,8031009,
,10/01/2019,8032125,
,10/02/2019,8033297,
,10/03/2019,8034407,
,10/04/2019,8035608,
LORIMER ST,09/28/2019,2126017,
,09/29/2019,2126663,
,09/30/2019,2127282,
,10/01/2019,2127912,
,10/02/2019,2128585,
,10/03/2019,2129242,
,10/04/2019,2129917,
MARBLE HILL-225,09/28/2019,487788,
,09/29/2019,487993,
,09/30/2019,488208,
,10/01/2019,488478,
,10/02/2019,488715,
,10/03/2019,488967,
,10/04/2019,489292,
MARCY AV,09/28/2019,2531477,
,09/29/2019,2531923,
,09/30/2019,2532306,
,10/01/2019,2532654,
,10/02/2019,2533068,
,10/03/2019,2533470,
,10/04/2019,2533949,
METROPOLITAN AV,09/28/2019,16092811,
,09/29/2019,16092530,
,09/30/2019,16092317,
,10/01/2019,16091769,
,10/02/2019,16091212,
,10/03/2019,16090609,
,10/04/2019,16090051,
METS-WILLETS PT,09/28/2019,488706868,
,09/29/2019,488706917,
,09/30/2019,488706917,
,10/01/2019,488706917,
,10/02/2019,488706917,
,10/03/2019,488706918,
,10/04/2019,488706918,
MIDDLETOWN RD,09/28/2019,5486699,
,09/29/2019,5487208,
,09/30/2019,5488392,
,10/01/2019,5489673,
,10/02/2019,5491131,
,10/03/2019,5492617,
,10/04/2019,5494062,
MONTROSE AV,09/28/2019,8377493,
,09/29/2019,8377496,
,09/30/2019,8379136,
,10/01/2019,8381073,
,10/02/2019,8383143,
,10/03/2019,8385173,
,10/04/2019,8387325,
MORGAN AV,09/28/2019,1124328,
,09/29/2019,1124333,
,09/30/2019,1125066,
,10/01/2019,1126002,
,10/02/2019,1127062,
,10/03/2019,1127967,
,10/04/2019,1128973,
MORISN AV/SNDVW,09/28/2019,3890748,
,09/29/2019,3892033,
,09/30/2019,3893785,
,10/01/2019,3895869,
,10/02/2019,3898198,
,10/03/2019,3900427,
,10/04/2019,3902732,
MORRIS PARK,09/28/2019,3712230,
,09/29/2019,3712594,
,09/30/2019,3714034,
,10/01/2019,3715701,
,10/02/2019,3717492,
,10/03/2019,3719318,
,10/04/2019,3721095,
MOSHOLU PKWY,09/28/2019,67132175,
,09/29/2019,67132194,
,09/30/2019,67132216,
,10/01/2019,67132239,
,10/02/2019,67132263,
,10/03/2019,67132310,
,10/04/2019,67132347,
MT EDEN AV,09/28/2019,5027963,
,09/29/2019,5028457,
,09/30/2019,5029274,
,10/01/2019,5030237,
,10/02/2019,5031284,
,10/03/2019,5032286,
,10/04/2019,5033310,
MYRTLE AV,09/28/2019,23887299,
,09/29/2019,23890553,
,09/30/2019,23894004,
,10/01/2019,23897291,
,10/02/2019,23900852,
,10/03/2019,23904403,
,10/04/2019,23908128,
MYRTLE-WILLOUGH,09/28/2019,7542659,
,09/29/2019,7543485,
,09/30/2019,7544689,
,10/01/2019,7545984,
,10/02/2019,7547458,
,10/03/2019,7549000,
,10/04/2019,7550540,
MYRTLE-WYCKOFF,09/28/2019,554598950,
,09/29/2019,554598950,
,09/30/2019,554599248,
,10/01/2019,554599657,
,10/02/2019,554600117,
,10/03/2019,554600553,
,10/04/2019,554601000,
NASSAU AV,09/28/2019,6162760,
,09/29/2019,6163232,
,09/30/2019,6163881,
,10/01/2019,6164556,
,10/02/2019,6165353,
,10/03/2019,6166085,
,10/04/2019,6166837,
NECK RD,09/28/2019,789593,
,09/29/2019,789674,
,09/30/2019,789799,
,10/01/2019,789954,
,10/02/2019,790139,
,10/03/2019,790340,
,10/04/2019,790518,
NEPTUNE AV,09/28/2019,1359394,
,09/29/2019,1359518,
,09/30/2019,1359706,
,10/01/2019,1359920,
,10/02/2019,1360202,
,10/03/2019,1360462,
,10/04/2019,1360732,
NEREID AV,09/28/2019,3974498,
,09/29/2019,3974503,
,09/30/2019,3975142,
,10/01/2019,3975826,
,10/02/2019,3976525,
,10/03/2019,3977292,
,10/04/2019,3977968,
NEVINS ST,09/28/2019,12030558,
,09/29/2019,12031286,
,09/30/2019,12032696,
,10/01/2019,12034163,
,10/02/2019,12035875,
,10/03/2019,12037521,
,10/04/2019,12039205,
NEW LOTS,09/28/2019,6798323,
,09/29/2019,6798713,
,09/30/2019,6799817,
,10/01/2019,6801076,
,10/02/2019,6802520,
,10/03/2019,6803985,
,10/04/2019,6805437,
NEW LOTS AV,09/28/2019,8730310,
,09/29/2019,8731367,
,09/30/2019,8732965,
,10/01/2019,8734732,
,10/02/2019,8736716,
,10/03/2019,8738731,
,10/04/2019,8740634,
NEW UTRECHT AV,09/28/2019,10721262,
,09/29/2019,10721604,
,09/30/2019,10721879,
,10/01/2019,10722145,
,10/02/2019,10722508,
,10/03/2019,10722849,
,10/04/2019,10723163,
NEWARK BM BW,09/28/2019,18860,
,09/29/2019,19200,
,09/30/2019,19620,
,10/01/2019,20019,
,10/02/2019,20333,
,10/03/2019,20645,
,10/04/2019,21042,
NEWARK C,09/28/2019,10378,
,09/29/2019,10409,
,09/30/2019,10904,
,10/01/2019,10946,
,10/02/2019,11452,
,10/03/2019,11744,
,10/04/2019,12364,
NEWARK HM HE,09/28/2019,222264,
,09/29/2019,222829,
,09/30/2019,224892,
,10/01/2019,227388,
,10/02/2019,230002,
,10/03/2019,232265,
,10/04/2019,234663,
NEWARK HW BMEBE,09/28/2019,128180,
,09/29/2019,128543,
,09/30/2019,130237,
,10/01/2019,132080,
,10/02/2019,134063,
,10/03/2019,135770,
,10/04/2019,137326,
NEWKIRK AV,09/28/2019,10189343,
,09/29/2019,10190162,
,09/30/2019,10191781,
,10/01/2019,10193381,
,10/02/2019,10195278,
,10/03/2019,10197189,
,10/04/2019,10199015,
NEWKIRK PLAZA,09/28/2019,16545619,
,09/29/2019,16546958,
,09/30/2019,16548910,
,10/01/2019,16551062,
,10/02/2019,16553579,
,10/03/2019,16555949,
,10/04/2019,16558314,
NORTHERN BLVD,09/28/2019,7637605,
,09/29/2019,7638589,
,09/30/2019,7640435,
,10/01/2019,7642381,
,10/02/2019,7644625,
,10/03/2019,7646816,
,10/04/2019,7648936,
NORWOOD 205 ST,09/28/2019,202157459,
,09/29/2019,202158006,
,09/30/2019,202158809,
,10/01/2019,202159590,
,10/02/2019,202160465,
,10/03/2019,202161308,
,10/04/2019,202162154,
NORWOOD AV,09/28/2019,9394647,
,09/29/2019,9395587,
,09/30/2019,9396990,
,10/01/2019,9398582,
,10/02/2019,9400412,
,10/03/2019,9402192,
,10/04/2019,9404052,
NOSTRAND AV,09/28/2019,24692828,
,09/29/2019,24695555,
,09/30/2019,24699251,
,10/01/2019,24703210,
,10/02/2019,24707543,
,10/03/2019,24711754,
,10/04/2019,24715431,
OCEAN PKWY,09/28/2019,5898330,
,09/29/2019,5898330,
,09/30/2019,5898330,
,10/01/2019,5898330,
,10/02/2019,5898330,
,10/03/2019,5898330,
,10/04/2019,5898330,
OZONE PK LEFFRT,09/28/2019,7553215,
,09/29/2019,7553215,
,09/30/2019,7553873,
,10/01/2019,7554610,
,10/02/2019,7555437,
,10/03/2019,7556402,
,10/04/2019,7557175,
PARK PLACE,09/28/2019,5778024,
,09/29/2019,5778383,
,09/30/2019,5779016,
,10/01/2019,5779661,
,10/02/2019,5780428,
,10/03/2019,5781162,
,10/04/2019,5781858,
PARKCHESTER,09/28/2019,268921210,
,09/29/2019,268922349,
,09/30/2019,268924292,
,10/01/2019,268926351,
,10/02/2019,268928642,
,10/03/2019,268930869,
,10/04/2019,268933193,
PARKSIDE AV,09/28/2019,17118419,
,09/29/2019,17120202,
,09/30/2019,17122428,
,10/01/2019,17124792,
,10/02/2019,17127266,
,10/03/2019,17129720,
,10/04/2019,17132171,
PARSONS BLVD,09/28/2019,2710020,
,09/29/2019,2710224,
,09/30/2019,2710552,
,10/01/2019,2710878,
,10/02/2019,2711347,
,10/03/2019,2711807,
,10/04/2019,2712274,
PATH NEW WTC,09/28/2019,331648,
,09/29/2019,332850,
,09/30/2019,337158,
,10/01/2019,341722,
,10/02/2019,346402,
,10/03/2019,350879,
,10/04/2019,355332,
PATH WTC 2,09/28/2019,226365,
,09/29/2019,227566,
,09/30/2019,247191,
,10/01/2019,247191,
,10/02/2019,250673,
,10/03/2019,258282,
,10/04/2019,266295,
PAVONIA/NEWPORT,09/28/2019,383803,
,09/29/2019,385214,
,09/30/2019,388991,
,10/01/2019,393583,
,10/02/2019,397833,
,10/03/2019,402153,
,10/04/2019,406453,
PELHAM BAY PARK,09/28/2019,9975663,
,09/29/2019,9976493,
,09/30/2019,9977265,
,10/01/2019,9978182,
,10/02/2019,9979026,
,10/03/2019,9979897,
,10/04/2019,9980782,
PELHAM PKWY,09/28/2019,184721345,
,09/29/2019,184721486,
,09/30/2019,184721937,
,10/01/2019,184722437,
,10/02/2019,184723045,
,10/03/2019,184723665,
,10/04/2019,184724254,
PENNSYLVANIA AV,09/28/2019,1322227,
,09/29/2019,1322465,
,09/30/2019,1322854,
,10/01/2019,1323293,
,10/02/2019,1323898,
,10/03/2019,1324485,
,10/04/2019,1325075,
PRESIDENT ST,09/28/2019,7717175,
,09/29/2019,7718072,
,09/30/2019,7719580,
,10/01/2019,7721263,
,10/02/2019,7723601,
,10/03/2019,7726005,
,10/04/2019,7728232,
PRINCE ST,09/28/2019,8884077,
,09/29/2019,8886208,
,09/30/2019,8888590,
,10/01/2019,8891229,
,10/02/2019,8893790,
,10/03/2019,8896467,
,10/04/2019,8899550,
PROSPECT AV,09/28/2019,11322999,
,09/29/2019,11323889,
,09/30/2019,11325276,
,10/01/2019,11326591,
,10/02/2019,11328209,
,10/03/2019,11329821,
,10/04/2019,11331550,
PROSPECT PARK,09/28/2019,786358846,
,09/29/2019,786357520,
,09/30/2019,786356218,
,10/01/2019,786354972,
,10/02/2019,786353611,
,10/03/2019,786351857,
,10/04/2019,786350393,
QUEENS PLAZA,09/28/2019,17231697,
,09/29/2019,17231846,
,09/30/2019,17232142,
,10/01/2019,17232517,
,10/02/2019,17233088,
,10/03/2019,17233667,
,10/04/2019,17234175,
QUEENSBORO PLZ,09/28/2019,5768588,
,09/29/2019,5769618,
,09/30/2019,5770543,
,10/01/2019,5771419,
,10/02/2019,5772558,
,10/03/2019,5773586,
,10/04/2019,5774691,
RALPH AV,09/28/2019,7744896,
,09/29/2019,7745482,
,09/30/2019,7746648,
,10/01/2019,7747697,
,10/02/2019,7748521,
,10/03/2019,7749368,
,10/04/2019,7750188,
RECTOR ST,09/28/2019,16846154,
,09/29/2019,16846172,
,09/30/2019,16846209,
,10/01/2019,16846229,
,10/02/2019,16846246,
,10/03/2019,16846269,
,10/04/2019,16846286,
RIT-MANHATTAN,09/28/2019,10928,
,09/29/2019,10948,
,09/30/2019,10975,
,10/01/2019,11007,
,10/02/2019,11028,
,10/03/2019,11041,
,10/04/2019,11056,
RIT-ROOSEVELT,09/28/2019,393898,
,09/29/2019,393907,
,09/30/2019,393924,
,10/01/2019,393947,
,10/02/2019,393969,
,10/03/2019,393978,
,10/04/2019,393993,
ROCKAWAY AV,09/28/2019,5091304,
,09/29/2019,5092391,
,09/30/2019,5093881,
,10/01/2019,5095439,
,10/02/2019,5097394,
,10/03/2019,5099323,
,10/04/2019,5100991,
ROCKAWAY BLVD,09/28/2019,7971902,
,09/29/2019,7971957,
,09/30/2019,7972167,
,10/01/2019,7972414,
,10/02/2019,7972713,
,10/03/2019,7973001,
,10/04/2019,7973301,
ROCKAWAY PARK B,09/28/2019,10271459,
,09/29/2019,10271595,
,09/30/2019,10271874,
,10/01/2019,10272165,
,10/02/2019,10272527,
,10/03/2019,10272851,
,10/04/2019,10273176,
ROOSEVELT ISLND,09/28/2019,4461842,
,09/29/2019,4463639,
,09/30/2019,4465780,
,10/01/2019,4468103,
,10/02/2019,4470684,
,10/03/2019,4473011,
,10/04/2019,4475431,
SARATOGA AV,09/28/2019,16920159,
,09/29/2019,16920378,
,09/30/2019,16920904,
,10/01/2019,16921428,
,10/02/2019,16922106,
,10/03/2019,16922779,
,10/04/2019,16923467,
SENECA AVE,09/28/2019,3001114,
,09/29/2019,3002286,
,09/30/2019,3003392,
,10/01/2019,3004574,
,10/02/2019,3005858,
,10/03/2019,3007102,
,10/04/2019,3008367,
SHEEPSHEAD BAY,09/28/2019,18622897,
,09/29/2019,18623977,
,09/30/2019,18626023,
,10/01/2019,18628139,
,10/02/2019,18630725,
,10/03/2019,18633291,
,10/04/2019,18635775,
SHEPHERD AV,09/28/2019,9336205,
,09/29/2019,9336826,
,09/30/2019,9337750,
,10/01/2019,9338625,
,10/02/2019,9339608,
,10/03/2019,9340626,
,10/04/2019,9341589,
SIMPSON ST,09/28/2019,18789538,
,09/29/2019,18789697,
,09/30/2019,18789941,
,10/01/2019,18790200,
,10/02/2019,18790483,
,10/03/2019,18790775,
,10/04/2019,18791034,
SMITH-9 ST,09/28/2019,5837869,
,09/29/2019,5838946,
,09/30/2019,5840382,
,10/01/2019,5841972,
,10/02/2019,5843854,
,10/03/2019,5845704,
,10/04/2019,5847547,
SOUTH FERRY,09/28/2019,8310251,
,09/29/2019,8310509,
,09/30/2019,8311011,
,10/01/2019,8311581,
,10/02/2019,8312194,
,10/03/2019,8312716,
,10/04/2019,8313265,
SPRING ST,09/28/2019,85262203,
,09/29/2019,85262778,
,09/30/2019,85263644,
,10/01/2019,85264448,
,10/02/2019,85265304,
,10/03/2019,85266184,
,10/04/2019,85266987,
ST LAWRENCE AV,09/28/2019,5555396,
,09/29/2019,5555982,
,09/30/2019,5556792,
,10/01/2019,5557708,
,10/02/2019,5558712,
,10/03/2019,5559743,
,10/04/2019,5560700,
ST. GEORGE,09/28/2019,1078346855,
,09/29/2019,1078346855,
,09/30/2019,1078346855,
,10/01/2019,1078346855,
,10/02/2019,1078346855,
,10/03/2019,1078346856,
,10/04/2019,1078346857,
STEINWAY ST,09/28/2019,14056491,
,09/29/2019,14057934,
,09/30/2019,14059618,
,10/01/2019,14061422,
,10/02/2019,14063176,
,10/03/2019,14065001,
,10/04/2019,14066872,
STERLING ST,09/28/2019,5230802,
,09/29/2019,5231151,
,09/30/2019,5231613,
,10/01/2019,5232043,
,10/02/2019,5232578,
,10/03/2019,5233125,
,10/04/2019,5233718,
SUTPHIN BLVD,09/28/2019,3896177,
,09/29/2019,3896573,
,09/30/2019,3897180,
,10/01/2019,3897748,
,10/02/2019,3898436,
,10/03/2019,3899108,
,10/04/2019,3899841,
SUTPHIN-ARCHER,09/28/2019,22979182,
,09/29/2019,22980737,
,09/30/2019,22983469,
,10/01/2019,22986605,
,10/02/2019,22989924,
,10/03/2019,22993307,
,10/04/2019,22996621,
SUTTER AV,09/28/2019,2028064,
,09/29/2019,2029197,
,09/30/2019,2031318,
,10/01/2019,2033341,
,10/02/2019,2035490,
,10/03/2019,2037733,
,10/04/2019,2039999,
SUTTER AV-RUTLD,09/28/2019,8886776,
,09/29/2019,8887149,
,09/30/2019,8887848,
,10/01/2019,8888630,
,10/02/2019,8889531,
,10/03/2019,8890455,
,10/04/2019,8891312,
THIRTY ST,09/28/2019,191635,
,09/29/2019,191638,
,09/30/2019,193375,
,10/01/2019,195565,
,10/02/2019,197994,
,10/03/2019,200233,
,10/04/2019,202851,
THIRTY THIRD ST,09/28/2019,203902,
,09/29/2019,207688,
,09/30/2019,209030,
,10/01/2019,210621,
,10/02/2019,212449,
,10/03/2019,214280,
,10/04/2019,215430,
TIMES SQ-42 ST,09/28/2019,1428413138,
,09/29/2019,1428413789,
,09/30/2019,1428414908,
,10/01/2019,1428416177,
,10/02/2019,1428417459,
,10/03/2019,1428418755,
,10/04/2019,1428420054,
TOMPKINSVILLE,09/28/2019,65536,
,09/29/2019,65536,
,09/30/2019,65536,
,10/01/2019,65536,
,10/02/2019,65536,
,10/03/2019,65536,
,10/04/2019,65536,
TREMONT AV,09/28/2019,168062380,
,09/29/2019,168062854,
,09/30/2019,168063567,
,10/01/2019,168064268,
,10/02/2019,168065015,
,10/03/2019,168065794,
,10/04/2019,168066522,
TWENTY THIRD ST,09/28/2019,330426,
,09/29/2019,331776,
,09/30/2019,335100,
,10/01/2019,338914,
,10/02/2019,342891,
,10/03/2019,346960,
,10/04/2019,350608,
UNION ST,09/28/2019,13233171,
,09/29/2019,13234419,
,09/30/2019,13235964,
,10/01/2019,13237699,
,10/02/2019,13239633,
,10/03/2019,13241614,
,10/04/2019,13243516,
UTICA AV,09/28/2019,16777216,
,09/29/2019,16777216,
,09/30/2019,16777216,
,10/01/2019,16777216,
,10/02/2019,16777216,
,10/03/2019,16777216,
,10/04/2019,16777216,
V.CORTLANDT PK,09/28/2019,621440450,
,09/29/2019,621441375,
,09/30/2019,621442553,
,10/01/2019,621443887,
,10/02/2019,621445318,
,10/03/2019,621446834,
,10/04/2019,621448441,
VAN SICLEN AV,09/28/2019,8716998,
,09/29/2019,8718116,
,09/30/2019,8719834,
,10/01/2019,8721722,
,10/02/2019,8723772,
,10/03/2019,8725769,
,10/04/2019,8727906,
VAN SICLEN AVE,09/28/2019,10141352,
,09/29/2019,10142361,
,09/30/2019,10143780,
,10/01/2019,10145200,
,10/02/2019,10146923,
,10/03/2019,10148628,
,10/04/2019,10150302,
VERNON-JACKSON,09/28/2019,12890493,
,09/29/2019,12892245,
,09/30/2019,12894979,
,10/01/2019,12897866,
,10/02/2019,12901102,
,10/03/2019,12904129,
,10/04/2019,12907439,
W 4 ST-WASH SQ,09/28/2019,25742231,
,09/29/2019,25748067,
,09/30/2019,25755685,
,10/01/2019,25764014,
,10/02/2019,25773087,
,10/03/2019,25782257,
,10/04/2019,25792560,
W 8 ST-AQUARIUM,09/28/2019,9412925,
,09/29/2019,9413803,
,09/30/2019,9414792,
,10/01/2019,9415822,
,10/02/2019,9416847,
,10/03/2019,9417582,
,10/04/2019,9418368,
WAKEFIELD/241,09/28/2019,10365251,
,09/29/2019,10365257,
,09/30/2019,10367114,
,10/01/2019,10369099,
,10/02/2019,10371479,
,10/03/2019,10373654,
,10/04/2019,10376057,
WALL ST,09/28/2019,235451034,
,09/29/2019,235451194,
,09/30/2019,235451468,
,10/01/2019,235451745,
,10/02/2019,235452073,
,10/03/2019,235452390,
,10/04/2019,235452644,
WEST FARMS SQ,09/28/2019,50716655,
,09/29/2019,50716790,
,09/30/2019,50717022,
,10/01/2019,50717286,
,10/02/2019,50717529,
,10/03/2019,50717772,
,10/04/2019,50718015,
WESTCHESTER SQ,09/28/2019,11335785,
,09/29/2019,11336461,
,09/30/2019,11337990,
,10/01/2019,11339576,
,10/02/2019,11341519,
,10/03/2019,11343371,
,10/04/2019,11345134,
WHITEHALL S-FRY,09/28/2019,50555632,
,09/29/2019,50555684,
,09/30/2019,50555849,
,10/01/2019,50556014,
,10/02/2019,50556207,
,10/03/2019,50556386,
,10/04/2019,50556582,
WHITLOCK AV,09/28/2019,3044128,
,09/29/2019,3044540,
,09/30/2019,3045040,
,10/01/2019,3045542,
,10/02/2019,3046198,
,10/03/2019,3046782,
,10/04/2019,3047431,
WILSON AV,09/28/2019,6285577,
,09/29/2019,6285577,
,09/30/2019,6286237,
,10/01/2019,6287291,
,10/02/2019,6288477,
,10/03/2019,6289626,
,10/04/2019,6290872,
WINTHROP ST,09/28/2019,3025272,
,09/29/2019,3025511,
,09/30/2019,3026055,
,10/01/2019,3026726,
,10/02/2019,3027474,
,10/03/2019,3028160,
,10/04/2019,3028836,
WOODHAVEN BLVD,09/28/2019,11694693,
,09/29/2019,11695450,
,09/30/2019,11696536,
,10/01/2019,11697577,
,10/02/2019,11698730,
,10/03/2019,11699874,
,10/04/2019,11701061,
WOODLAWN,09/28/2019,6884729,
,09/29/2019,6885451,
,09/30/2019,6886239,
,10/01/2019,6887093,
,10/02/2019,6887996,
,10/03/2019,6888922,
,10/04/2019,6889860,
WORLD TRADE CTR,09/28/2019,1829106547,
,09/29/2019,1829106575,
,09/30/2019,1829106659,
,10/01/2019,1829106750,
,10/02/2019,1829106862,
,10/03/2019,1829106980,
,10/04/2019,1829107119,
WTC-CORTLANDT,09/28/2019,596018,
,09/29/2019,596664,
,09/30/2019,598660,
,10/01/2019,600774,
,10/02/2019,603037,
,10/03/2019,605539,
,10/04/2019,607843,
YORK ST,09/28/2019,26164444,
,09/29/2019,26168038,
,09/30/2019,26172611,
,10/01/2019,26177579,
,10/02/2019,26182754,
,10/03/2019,26187657,
,10/04/2019,26193186,
ZEREGA AV,09/28/2019,441050,
,09/29/2019,441245,
,09/30/2019,441570,
,10/01/2019,441884,
,10/02/2019,442248,
,10/03/2019,442602,
,10/04/2019,442963,
Total Result,,2123734884,
